Ref,Val,Package,PosX,PosY,Rot,Side
"C1005","18p","C_0402_1005Metric",109.621000,-105.641000,-90.000000,bottom
"C1006","18p","C_0402_1005Metric",109.621000,-103.591000,90.000000,bottom
"C1009","0.1u","C_0402_1005Metric",136.227000,-134.301000,180.000000,bottom
"C3002","0.1u","C_0402_1005Metric",161.151000,-114.731000,90.000000,bottom
"C3003","47u","C_0805_2012Metric",157.551000,-110.001000,180.000000,bottom
"C3005","0.1u","C_0402_1005Metric",156.601000,-118.101000,180.000000,bottom
"C3006","47u","C_0805_2012Metric",152.226000,-114.220446,90.000000,bottom
"C3008","0.1u","C_0402_1005Metric",156.596000,-120.901000,180.000000,bottom
"C3009","47u","C_0805_2012Metric",152.226000,-124.601000,-90.000000,bottom
"C3010","2.2u","C_0402_1005Metric",162.201000,-114.721000,90.000000,bottom
"C3011","2.2u","C_0402_1005Metric",162.006000,-123.471000,0.000000,bottom
"C3012","4.7u","C_0402_1005Metric",159.726000,-123.471000,180.000000,bottom
"C3013","2.2u","C_0402_1005Metric",163.301000,-114.726000,90.000000,bottom
"C3014","2.2u","C_0402_1005Metric",163.576000,-123.781554,-90.000000,bottom
"C3015","2.2u","C_0402_1005Metric",160.851000,-124.941000,-90.000000,bottom
"C3016","2.2u","C_0402_1005Metric",158.876000,-124.541000,0.000000,bottom
"C3017","2.2u","C_0402_1005Metric",165.656000,-119.401000,0.000000,bottom
"C3018","2.2u","C_0402_1005Metric",165.236000,-121.051000,-90.000000,bottom
"C3020","120p","C_0402_1005Metric",164.191625,-96.401000,180.000000,bottom
"C3021","22u","C_0805_2012Metric",163.631625,-101.051000,90.000000,bottom
"C3022","22u","C_0805_2012Metric",161.315625,-101.051000,90.000000,bottom
"C3023","1u","0201_Cap_Leonhart",116.641000,-101.382071,-55.000000,bottom
"C3024","1u","0201_Cap_Leonhart",117.577399,-99.352431,20.000000,bottom
"C3025","1u","0201_Cap_Leonhart",123.151000,-99.906000,0.000000,bottom
"C3026","1u","0201_Cap_Leonhart",120.670307,-98.617403,45.000000,bottom
"C3027","1u","0201_Cap_Leonhart",121.451000,-105.076000,90.000000,bottom
"C3028","1u","0201_Cap_Leonhart",116.481000,-98.916000,100.000000,bottom
"C3029","1u","0201_Cap_Leonhart",117.691000,-98.456000,0.000000,bottom
"C3030","1u","0201_Cap_Leonhart",116.531000,-102.616000,90.000000,bottom
"C3031","1u","0201_Cap_Leonhart",115.396000,-103.921000,180.000000,bottom
"C3032","10u","C_0402_1005Metric",134.121000,-104.261000,0.000000,bottom
"C3033","4.7u","C_0402_1005Metric",134.121000,-105.261000,0.000000,bottom
"C3034","1u","0201_Cap_Leonhart",134.121000,-106.171000,0.000000,bottom
"C3035","0.1u","0201_Cap_Leonhart",119.861000,-99.576000,0.000000,bottom
"C3036","0.1u","0201_Cap_Leonhart",118.951000,-102.516000,90.000000,bottom
"C3037","0.1u","0201_Cap_Leonhart",120.971000,-102.631000,90.000000,bottom
"C3038","0.1u","0201_Cap_Leonhart",120.396000,-101.585999,0.000000,bottom
"C3039","0.1u","0201_Cap_Leonhart",122.621000,-104.676000,-45.000000,bottom
"C3040","0.1u","0201_Cap_Leonhart",118.321000,-100.136000,90.000000,bottom
"C3041","0.1u","0201_Cap_Leonhart",117.447958,-101.264714,125.000000,bottom
"C3042","0.1u","0201_Cap_Leonhart",118.961000,-104.529000,-90.000000,bottom
"C3043","0.1u","0201_Cap_Leonhart",121.891000,-100.177404,45.000000,bottom
"C3044","0.1u","0201_Cap_Leonhart",116.761000,-104.521001,0.000000,bottom
"C3045","0.1u","0201_Cap_Leonhart",117.561000,-102.841000,180.000000,bottom
"C3046","0.1u","0201_Cap_Leonhart",121.651000,-99.526000,45.000000,bottom
"C3047","0.1u","0201_Cap_Leonhart",121.981000,-105.346000,-90.000000,bottom
"C3049","0.1u","0201_Cap_Leonhart",134.121000,-106.881000,0.000000,bottom
"C3051","10u","C_0402_1005Metric",134.451000,-101.131000,0.000000,bottom
"C3052","4.7u","C_0402_1005Metric",134.461000,-100.081000,0.000000,bottom
"C3053","0.1u","0201_Cap_Leonhart",119.581000,-102.501000,90.000000,bottom
"C3054","0.1u","0201_Cap_Leonhart",120.351000,-102.496000,90.000000,bottom
"C3055","0.1u","0201_Cap_Leonhart",119.964000,-103.416000,180.000000,bottom
"C3056","0.1u","0201_Cap_Leonhart",120.001000,-100.496000,90.000000,bottom
"C3057","0.1u","0201_Cap_Leonhart",118.941000,-100.451000,90.000000,bottom
"C3058","0.1u","0201_Cap_Leonhart",121.896000,-102.016000,0.000000,bottom
"C3059","0.1u","0201_Cap_Leonhart",117.561000,-102.226000,180.000000,bottom
"C3060","0.1u","0201_Cap_Leonhart",117.283000,-100.266000,180.000000,bottom
"C3061","4.7u","C_0402_1005Metric",140.901000,-92.011000,90.000000,bottom
"C3062","1u","0201_Cap_Leonhart",140.021000,-92.121000,90.000000,bottom
"C3063","0.1u","0201_Cap_Leonhart",120.636801,-104.782221,60.000000,bottom
"C3064","0.1u","0201_Cap_Leonhart",123.146000,-100.526000,0.000000,bottom
"C3065","0.1u","0201_Cap_Leonhart",115.481000,-102.316000,180.000000,bottom
"C3066","0.1u","0201_Cap_Leonhart",116.937985,-97.688102,70.000000,bottom
"C3067","0.1u","0201_Cap_Leonhart",121.791000,-97.636000,25.000000,bottom
"C3068","0.1u","0201_Cap_Leonhart",121.926000,-98.476000,0.000000,bottom
"C3069","0.1u","0201_Cap_Leonhart",123.181000,-98.726000,45.000000,bottom
"C3070","0.1u","0201_Cap_Leonhart",115.521000,-103.296000,180.000000,bottom
"C3071","0.1u","0201_Cap_Leonhart",119.341000,-98.556000,90.000000,bottom
"C3072","0.1u","0201_Cap_Leonhart",119.961000,-97.971000,90.000000,bottom
"C3073","4.7u","C_0402_1005Metric",119.731000,-85.271000,90.000000,bottom
"C3074","1u","0201_Cap_Leonhart",118.851000,-85.381000,90.000000,bottom
"C3075","0.1u","0201_Cap_Leonhart",117.257358,-103.804189,175.000000,bottom
"C3076","0.1u","0201_Cap_Leonhart",115.546000,-101.376000,180.000000,bottom
"C3077","0.1u","0201_Cap_Leonhart",118.711000,-98.611000,90.000000,bottom
"C3078","0.1u","0201_Cap_Leonhart",123.401000,-102.695513,-25.000000,bottom
"C3080","0.1u","0201_Cap_Leonhart",118.071000,-85.391000,90.000000,bottom
"C3082","10u","C_0402_1005Metric",110.381000,-116.716000,-90.000000,bottom
"C3083","4.7u","C_0402_1005Metric",109.091000,-116.726000,-90.000000,bottom
"C3085","0.1u","0201_Cap_Leonhart",119.794015,-104.588900,-110.000000,bottom
"C3086","0.1u","0201_Cap_Leonhart",118.341000,-104.522000,-90.000000,bottom
"C3090","4.7u","C_0402_1005Metric",139.776000,-98.906000,90.000000,bottom
"C3091","0.1u","0201_Cap_Leonhart",138.941400,-99.061000,90.000000,bottom
"C3092","0.01u","0201_Cap_Leonhart",123.109597,-101.675307,-45.000000,bottom
"C3093","1u","0201_Cap_Leonhart",139.951000,-106.931000,90.000000,bottom
"C3094","0.1u","0201_Cap_Leonhart",139.176000,-106.938400,90.000000,bottom
"C3095","0.01u","0201_Cap_Leonhart",121.491000,-103.706000,-90.000000,bottom
"C3096","4.7u","C_0402_1005Metric",139.776000,-100.831000,-90.000000,bottom
"C3097","0.1u","0201_Cap_Leonhart",138.826000,-100.716000,-90.000000,bottom
"C3098","0.01u","0201_Cap_Leonhart",122.076000,-102.686000,180.000000,bottom
"C3099","4.7u","C_0402_1005Metric",139.776000,-102.853200,90.000000,bottom
"C3100","0.1u","0201_Cap_Leonhart",138.957600,-103.004400,90.000000,bottom
"C3101","0.01u","0201_Cap_Leonhart",124.241000,-103.976000,0.000000,bottom
"C3102","1u","0201_Cap_Leonhart",139.971000,-94.771000,-90.000000,bottom
"C3103","0.1u","0201_Cap_Leonhart",139.251000,-94.771000,-90.000000,bottom
"C3104","0.01u","0201_Cap_Leonhart",120.891000,-100.566000,90.000000,bottom
"C3105","4.7u","C_0402_1005Metric",139.776000,-96.901000,-90.000000,bottom
"C3106","0.1u","0201_Cap_Leonhart",138.841400,-96.721000,-90.000000,bottom
"C3107","0.01u","0201_Cap_Leonhart",121.892630,-101.045081,45.000000,bottom
"C3108","1u","C_0402_1005Metric",106.411000,-89.901000,180.000000,bottom
"C3109","0.1u","0201_Cap_Leonhart",106.581000,-90.741000,180.000000,bottom
"C3110","0.01u","0201_Cap_Leonhart",118.601000,-103.566000,0.000000,bottom
"C3111","1u","C_0402_1005Metric",110.371000,-89.901000,180.000000,bottom
"C3112","0.1u","0201_Cap_Leonhart",110.521000,-90.751000,180.000000,bottom
"C3113","0.01u","0201_Cap_Leonhart",118.682000,-101.473000,180.000000,bottom
"C3114","4.7u","C_0402_1005Metric",108.391000,-89.901000,180.000000,bottom
"C3115","0.1u","0201_Cap_Leonhart",108.491000,-90.761000,180.000000,bottom
"C3116","0.01u","0201_Cap_Leonhart",115.396000,-104.646000,180.000000,bottom
"C3117","1u","0201_Cap_Leonhart",139.426000,-104.981000,90.000000,bottom
"C3118","0.1u","0201_Cap_Leonhart",123.205645,-104.381356,-45.000000,bottom
"C3119","0.01u","0201_Cap_Leonhart",122.546000,-103.346000,180.000000,bottom
"C3120","0.1u","0201_Cap_Leonhart",117.159869,-105.346315,-25.000000,bottom
"C3122","0.1u","0201_Cap_Leonhart",115.466000,-100.386000,180.000000,bottom
"C3123","0.1u","0201_Cap_Leonhart",115.601001,-99.766000,180.000000,bottom
"C3124","1u","0201_Cap_Leonhart",134.351000,-99.231000,0.000000,bottom
"C4001","2.2u","C_0402_1005Metric",126.464492,-131.440984,90.000000,bottom
"C4002","0.1u","0201_Cap_Leonhart",125.504492,-131.405984,90.000000,bottom
"C4003","0.1u","0201_Cap_Leonhart",116.804492,-120.090984,90.000000,bottom
"C4004","0.01u","0201_Cap_Leonhart",117.856000,-126.201000,0.000000,bottom
"C4005","22u","C_0603_1608Metric",114.610492,-131.305984,90.000000,bottom
"C4006","0.01u","0201_Cap_Leonhart",124.684492,-120.981000,90.000000,bottom
"C4007","0.01u","0201_Cap_Leonhart",124.684492,-124.990984,90.000000,bottom
"C4008","0.01u","0201_Cap_Leonhart",124.684492,-127.380984,90.000000,bottom
"C4009","0.01u","0201_Cap_Leonhart",124.194492,-128.630984,0.000000,bottom
"C4010","0.01u","0201_Cap_Leonhart",124.674492,-129.770984,90.000000,bottom
"C4011","0.01u","0201_Cap_Leonhart",123.414492,-131.830984,0.000000,bottom
"C4012","0.01u","0201_Cap_Leonhart",124.234492,-132.520984,180.000000,bottom
"C4013","0.01u","0201_Cap_Leonhart",117.839492,-132.620984,0.000000,bottom
"C4014","0.01u","0201_Cap_Leonhart",117.484492,-131.380984,90.000000,bottom
"C4015","0.01u","0201_Cap_Leonhart",117.484492,-129.780984,90.000000,bottom
"C4016","0.01u","0201_Cap_Leonhart",118.184492,-128.970984,-90.000000,bottom
"C4017","0.01u","0201_Cap_Leonhart",118.634492,-127.720984,180.000000,bottom
"C4018","0.1u","0201_Cap_Leonhart",123.205492,-134.220984,180.000000,bottom
"C4020","0.1u","0201_Cap_Leonhart",128.114492,-135.260984,-90.000000,bottom
"C4021","0.1u","0201_Cap_Leonhart",126.734492,-135.255984,-90.000000,bottom
"C5003","4.7u","C_0402_1005Metric",157.351000,-79.401000,0.000000,bottom
"C5004","0.1u","C_0402_1005Metric",157.361000,-78.101000,0.000000,bottom
"C5005","0.1u","C_0402_1005Metric",157.361000,-76.501000,0.000000,bottom
"C5006","4.7u","C_0402_1005Metric",157.361000,-75.226000,0.000000,bottom
"C5007","0.1u","C_0402_1005Metric",153.121000,-84.381000,90.000000,bottom
"C5008","0.1u","C_0402_1005Metric",149.041000,-80.361000,0.000000,bottom
"C5009","0.1u","C_0402_1005Metric",154.481000,-82.711000,180.000000,bottom
"C5010","0.1u","C_0402_1005Metric",154.481000,-80.721000,180.000000,bottom
"C5011","4.7u","C_0402_1005Metric",149.281000,-86.951000,-90.000000,bottom
"C5012","0.1u","C_0402_1005Metric",150.381000,-86.951000,-90.000000,bottom
"C5013","0.1u","C_0402_1005Metric",151.981000,-86.951000,-90.000000,bottom
"C5014","4.7u","C_0402_1005Metric",153.081000,-86.951000,-90.000000,bottom
"C5015","0.1u","C_0402_1005Metric",149.058000,-82.713000,0.000000,bottom
"C5016","4.7u","C_0402_1005Metric",148.061000,-85.501000,-90.000000,bottom
"C5017","0.1u","C_0402_1005Metric",149.261000,-83.991000,0.000000,bottom
"C5021","1n","C_1206_3216Metric",175.576000,-92.901000,-90.000000,bottom
"C6001","4.7u","C_0402_1005Metric",139.791000,-121.666000,0.000000,bottom
"C6002","0.22u","C_0402_1005Metric",141.821000,-122.706000,90.000000,bottom
"C6003","0.1u","C_0402_1005Metric",139.311000,-126.186000,0.000000,bottom
"C6004","1u","C_0402_1005Metric",139.221000,-120.646000,180.000000,bottom
"C6005","4.7u","C_0402_1005Metric",136.971000,-126.196000,180.000000,bottom
"C6006","10u","C_0603_1608Metric",171.401000,-112.526000,-90.000000,bottom
"C6007","0.1u","C_0402_1005Metric",169.951000,-112.401000,-90.000000,bottom
"C6008","0.1u","C_0402_1005Metric",136.331000,-119.676000,90.000000,bottom
"C6009","2.2u","C_0402_1005Metric",135.261000,-119.676000,90.000000,bottom
"C6012","150u","CP_EIA-7343-31_Kemet-D",164.740000,-129.580000,90.000000,bottom
"D1004","D","D_SOD-523",109.411000,-134.411000,90.000000,bottom
"D5001","D","D_SOD-523",150.601000,-71.201000,90.000000,bottom
"D5002","D","D_SOD-523",147.401000,-71.201000,90.000000,bottom
"D5003","D","D_SOD-523",149.001000,-71.201000,90.000000,bottom
"D6003","D","D_SOD-523",134.511000,-123.626000,0.000000,bottom
"D6004","D","D_SOD-523",134.511000,-125.346000,0.000000,bottom
"D6005","D","D_SOD-523",134.511000,-127.066000,0.000000,bottom
"D6012","D_TVS","TPD1E1B04DPYR",125.001000,-83.047500,90.000000,bottom
"FB3001","120R","R_0402_1005Metric",140.901000,-98.881000,-90.000000,bottom
"FB3002","120R","R_0402_1005Metric",140.901000,-106.749400,-90.000000,bottom
"FB3003","120R","R_0402_1005Metric",140.901000,-100.866000,90.000000,bottom
"FB3004","120R","R_0402_1005Metric",140.901000,-102.835200,-90.000000,bottom
"FB3005","120R","R_0402_1005Metric",140.901000,-94.961000,90.000000,bottom
"FB3006","120R","R_0402_1005Metric",140.901000,-96.921000,90.000000,bottom
"FB3007","120R","R_0402_1005Metric",106.411000,-88.831000,0.000000,bottom
"FB3008","120R","R_0402_1005Metric",110.371000,-88.831000,0.000000,bottom
"FB3009","120R","R_0402_1005Metric",108.391000,-88.831000,0.000000,bottom
"FB3010","120R","R_0402_1005Metric",140.901000,-104.791000,-90.000000,bottom
"FB4001","120R","R_0402_1005Metric",128.214492,-131.930984,180.000000,bottom
"FB5001","120R","R_0402_1005Metric",155.776000,-77.286000,90.000000,bottom
"FB5002","120R","R_0402_1005Metric",151.181000,-85.351000,0.000000,bottom
"J6003","Micro_SD_Card_Det1","MEM20520019500A",130.320000,-73.170000,0.000000,bottom
"L3001","0.47u","L_1008_2520Metric",159.101000,-113.326000,90.000000,bottom
"L3002","0.47u","L_1008_2520Metric",153.201000,-117.495446,180.000000,bottom
"L3003","0.47u","L_1008_2520Metric",153.201000,-121.295446,180.000000,bottom
"L3004","0.47u","L_1008_2520Metric",165.166625,-104.361000,180.000000,bottom
"Q5001","DMG1012T","SOT-523",155.271000,-73.041000,180.000000,bottom
"Q5002","DMG1012T","SOT-523",155.271000,-70.701000,180.000000,bottom
"R1018","10k","R_0402_1005Metric",105.451000,-117.241000,90.000000,bottom
"R1019","10k","R_0402_1005Metric",114.561000,-93.181000,-90.000000,bottom
"R1045","0R","R_0402_1005Metric",110.931000,-101.201000,90.000000,bottom
"R1047","R","R_0402_1005Metric",110.901000,-105.661000,90.000000,bottom
"R1052","R","R_0402_1005Metric",110.901000,-103.591000,-90.000000,bottom
"R1053","0R","R_0402_1005Metric",109.621000,-101.201000,-90.000000,bottom
"R1054","10k","R_0402_1005Metric",135.821000,-140.171000,90.000000,bottom
"R1055","10k","R_0402_1005Metric",138.597000,-140.171000,90.000000,bottom
"R1056","10k","R_0402_1005Metric",137.209000,-140.171000,90.000000,bottom
"R1057","10k","R_0402_1005Metric",133.045000,-140.171000,90.000000,bottom
"R1058","10k","R_0402_1005Metric",131.657000,-140.171000,90.000000,bottom
"R1059","10k","R_0402_1005Metric",109.411000,-136.881000,-90.000000,bottom
"R1061","10k","R_0402_1005Metric",134.433000,-140.171000,-90.000000,bottom
"R3007","10k","R_0402_1005Metric",156.901000,-125.221000,90.000000,bottom
"R3008","R","R_0402_1005Metric",113.171000,-103.581000,180.000000,bottom
"R3009","10k","R_0402_1005Metric",113.171000,-104.551000,0.000000,bottom
"R3010","10k","R_0402_1005Metric",166.841000,-97.526000,180.000000,bottom
"R3011","10k","R_0402_1005Metric",168.861000,-97.521000,180.000000,bottom
"R3012","270k","R_0402_1005Metric",164.191625,-97.526000,180.000000,bottom
"R3013","180k","R_0402_1005Metric",162.591625,-96.961000,90.000000,bottom
"R3014","100k","R_0402_1005Metric",164.191625,-98.661000,180.000000,bottom
"R4001","33R","R_0201_0603Metric",119.051000,-124.826000,90.000000,bottom
"R4002","33R","R_0201_0603Metric",118.191000,-124.826000,90.000000,bottom
"R4009","1k","R_0201_0603Metric",123.204492,-135.330984,180.000000,bottom
"R4010","1k","R_0201_0603Metric",125.364492,-135.245984,-90.000000,bottom
"R5005","4.7k","R_0402_1005Metric",147.051000,-74.486000,90.000000,bottom
"R5006","4.7k","R_0402_1005Metric",141.911000,-82.002000,180.000000,bottom
"R5007","4.7k","R_0402_1005Metric",141.911000,-80.539000,180.000000,bottom
"R5027","1M","R_1206_3216Metric",178.401000,-92.901000,-90.000000,bottom
"R5028","10k","R_0402_1005Metric",157.126000,-73.036000,-90.000000,bottom
"R5029","10k","R_0402_1005Metric",153.426000,-73.091000,-90.000000,bottom
"R5030","10k","R_0402_1005Metric",157.126000,-70.701000,-90.000000,bottom
"R5031","10k","R_0402_1005Metric",153.426000,-70.651000,90.000000,bottom
"R5035","4.7k","R_0402_1005Metric",148.514000,-74.486000,90.000000,bottom
"R5036","4.7k","R_0402_1005Metric",145.588000,-74.486000,90.000000,bottom
"R5037","R","R_0402_1005Metric",141.911000,-79.076000,180.000000,bottom
"R6012","49.9k","R_0402_1005Metric",141.071000,-126.656000,90.000000,bottom
"R6013","49.9k","R_0402_1005Metric",134.701000,-122.226000,0.000000,bottom
"R6015","499R","R_0402_1005Metric",129.591000,-103.566000,180.000000,bottom
"R6016","5.1k","R_0402_1005Metric",171.751000,-109.491000,180.000000,bottom
"R6017","5.1k","R_0402_1005Metric",171.751000,-107.071000,180.000000,bottom
"R6018","499R","R_0402_1005Metric",124.931000,-105.186000,180.000000,bottom
"R6019","49.9k","R_0402_1005Metric",142.301000,-126.651000,90.000000,bottom
"R6020","10k","R_0402_1005Metric",139.851000,-123.096000,180.000000,bottom
"R6030","10k","R_0402_1005Metric",125.001000,-85.136000,90.000000,bottom
"U3001","TPS6521903RHBR","QFN50P500X500X100-33N-D",161.101000,-119.151000,-90.000000,bottom
"U3002","TLV62595DMQR","TLV62595DMQR",166.317625,-99.803000,-90.000000,bottom
"X1002","25MHz","Crystal_SMD_2016-4Pin_2.0x1.6mm",107.691000,-105.161000,-90.000000,bottom
"C1001","0.01u","C_0201_0603Metric",148.410000,-106.450000,180.000000,top
"C1002","1u","C_0402_1005Metric",154.591000,-104.056000,0.000000,top
"C1003","0.1u","C_0402_1005Metric",150.891000,-91.121000,0.000000,top
"C1004","0.1u","C_0402_1005Metric",154.591000,-102.946000,0.000000,top
"C1007","20p","C_0402_1005Metric",110.770000,-110.881000,-90.000000,top
"C1008","20p","C_0402_1005Metric",110.770000,-108.821000,90.000000,top
"C1010","0.1u","C_0402_1005Metric",123.221000,-87.801000,0.000000,top
"C1011","0.1u","C_0402_1005Metric",105.131000,-134.611000,180.000000,top
"C2001","1u","C_0402_1005Metric",122.590000,-77.500000,-90.000000,top
"C2002","0.1u","C_0402_1005Metric",116.190000,-80.670000,-90.000000,top
"C3001","10u","C_0603_1608Metric",161.351000,-114.126000,90.000000,top
"C3004","10u","C_0603_1608Metric",156.251000,-117.051000,90.000000,top
"C3007","10u","C_0603_1608Metric",156.251000,-122.001000,-90.000000,top
"C3019","10u","C_0603_1608Metric",166.426625,-101.207000,180.000000,top
"C3048","0.1u","0201_Cap_Leonhart",133.401000,-107.331000,-90.000000,top
"C3079","0.1u","0201_Cap_Leonhart",126.404000,-91.822000,-90.000000,top
"C3081","0.1u","0201_Cap_Leonhart",118.691000,-85.341000,90.000000,top
"C3084","1u","0201_Cap_Leonhart",119.841000,-114.766000,0.000000,top
"C3087","0.1u","0201_Cap_Leonhart",110.431000,-116.716000,-90.000000,top
"C3088","0.1u","0201_Cap_Leonhart",119.831000,-115.526000,0.000000,top
"C3089","0.1u","0201_Cap_Leonhart",109.141000,-116.726000,-90.000000,top
"C3121","0.1u","0201_Cap_Leonhart",139.111000,-111.551000,0.000000,top
"C4019","0.1u","0201_Cap_Leonhart",126.934492,-122.940984,90.000000,top
"C5001","0.1u","C_0402_1005Metric",155.726000,-78.601000,90.000000,top
"C5002","0.1u","C_0402_1005Metric",155.426000,-84.646000,-90.000000,top
"C5018","4.7u","C_0402_1005Metric",145.151000,-83.826000,-90.000000,top
"C5019","0.1u","C_0402_1005Metric",144.101000,-83.826000,-90.000000,top
"C5020","0.1u","C_0402_1005Metric",153.901000,-77.051000,0.000000,top
"C6010","10u","C_0603_1608Metric",158.415000,-131.521000,180.000000,top
"C6011","0.1u","C_0402_1005Metric",159.430000,-129.705000,-90.000000,top
"C6013","4.7u","C_0603_1608Metric",132.200000,-73.640000,0.000000,top
"C6014","1u","C_0402_1005Metric",129.490000,-72.630000,90.000000,top
"C6015","0.1u","C_0402_1005Metric",128.450000,-72.630000,90.000000,top
"C6016","22u","C_0805_2012Metric",124.701000,-75.450000,-90.000000,top
"C6017","22u","C_0805_2012Metric",131.229000,-76.250000,-90.000000,top
"D1001","D","D_SOD-523",147.521000,-110.831000,90.000000,top
"D1002","D","D_SOD-523",149.166000,-110.831000,90.000000,top
"D1003","D","D_SOD-523",150.811000,-110.831000,90.000000,top
"D1005","D_TVS","TPD1E1B04DPYR",108.261000,-140.181000,90.000000,top
"D1006","D_TVS","TPD1E1B04DPYR",108.261000,-137.741000,-90.000000,top
"D6001","D_TVS","TPD1E1B04DPYR",171.871000,-106.841000,0.000000,top
"D6002","D_TVS","TPD1E1B04DPYR",171.871000,-108.201000,0.000000,top
"D6006","D_TVS","TPD1E1B04DPYR",132.351000,-69.720000,-90.000000,top
"D6007","D_TVS","TPD1E1B04DPYR",131.390000,-69.720000,-90.000000,top
"D6008","D_TVS","TPD1E1B04DPYR",130.440000,-69.720000,-90.000000,top
"D6009","D_TVS","TPD1E1B04DPYR",127.430000,-69.720000,-90.000000,top
"D6010","D_TVS","TPD1E1B04DPYR",125.660000,-69.720000,-90.000000,top
"D6011","D_TVS","TPD1E1B04DPYR",124.489000,-69.720000,-90.000000,top
"D6013","D","D_SOD-523",122.701000,-83.826000,90.000000,top
"D6014","D","D_SOD-523",120.976000,-83.826000,90.000000,top
"D7001","Red","LED_0402_1005Metric",128.291000,-141.151000,90.000000,top
"D7002","Green","LED_0402_1005Metric",126.401000,-141.156000,90.000000,top
"D7003","Blue","LED_0402_1005Metric",124.511000,-141.161000,90.000000,top
"FB1001","120R","R_0402_1005Metric",154.101000,-101.356000,-90.000000,top
"FB2001","120R","R_0402_1005Metric",122.600000,-75.570000,-90.000000,top
"FB3011","120R","R_0402_1005Metric",129.031000,-87.241000,180.000000,top
"J1001","Conn_01x06_Pin","PinHeader_1x06_P2.54mm_Vertical",102.101000,-122.451000,0.000000,top
"J1003","Conn_01x03_Pin","PinHeader_1x03_P2.54mm_Vertical",112.081000,-138.991000,90.000000,top
"J1004","Conn_01x06_Pin","PinHeader_1x06_P2.54mm_Vertical",102.101000,-104.041000,0.000000,top
"J2002","Conn_01x06_Pin","PinHeader_1x06_P2.54mm_Vertical",144.141000,-67.451000,90.000000,top
"J2003","Conn_01x06_Pin","PinHeader_1x06_P2.54mm_Vertical",119.201000,-67.541000,0.000000,top
"J6001","USB_C_Receptacle_USB2.0_16P","USB_C_Receptacle_HRO_TYPE-C-31-M-12",178.176000,-108.021000,90.000000,top
"J6002","USB_A","902131A1011D10100",169.236000,-130.201000,90.000000,top
"L5001","2.2u","CVH201610A-2R2M",147.081000,-84.271000,90.000000,top
"L6001","SRF2012_900YA","SRF2012-900YA",168.721000,-107.446000,0.000000,top
"L6002","SRF2012_900YA","SRF2012-900YA",164.901000,-126.626000,0.000000,top
"R1001","10k","R_0402_1005Metric",146.181000,-113.311000,-90.000000,top
"R1002","R","R_0603_1608Metric",135.196000,-96.971000,0.000000,top
"R1003","R","R_0603_1608Metric",135.196000,-98.810694,0.000000,top
"R1004","10k","R_0603_1608Metric",135.196000,-100.650388,0.000000,top
"R1005","R","R_0603_1608Metric",135.196000,-102.490082,0.000000,top
"R1006","10k","R_0603_1608Metric",135.196000,-104.329775,0.000000,top
"R1007","10k","R_0603_1608Metric",135.196000,-106.169469,0.000000,top
"R1008","10k","R_0603_1608Metric",135.196000,-108.009163,0.000000,top
"R1009","R","R_0603_1608Metric",135.196000,-109.848857,0.000000,top
"R1010","R","R_0603_1608Metric",141.656000,-109.829571,0.000000,top
"R1011","10k","R_0603_1608Metric",141.666000,-107.989877,0.000000,top
"R1012","R","R_0603_1608Metric",141.666000,-106.150183,0.000000,top
"R1013","R","R_0603_1608Metric",141.666000,-104.310489,0.000000,top
"R1014","10k","R_0603_1608Metric",141.666000,-102.470796,0.000000,top
"R1015","R","R_0603_1608Metric",141.666000,-100.631102,0.000000,top
"R1016","10k","R_0603_1608Metric",141.666000,-98.791408,0.000000,top
"R1017","10k","R_0603_1608Metric",141.666000,-96.951714,0.000000,top
"R1020","10k","R_0201_0603Metric",149.861000,-100.427000,90.000000,top
"R1021","22R","R_0201_0603Metric",151.161000,-100.127000,0.000000,top
"R1022","22R","R_0201_0603Metric",148.936000,-100.427000,90.000000,top
"R1023","22R","R_0201_0603Metric",149.201000,-90.891000,90.000000,top
"R1024","1k","R_0402_1005Metric",147.297667,-113.311000,90.000000,top
"R1025","1k","R_0402_1005Metric",148.414333,-113.311000,90.000000,top
"R1026","1k","R_0402_1005Metric",149.531000,-113.311000,90.000000,top
"R1027","10k","R_0603_1608Metric",138.426000,-96.973143,0.000000,top
"R1028","10k","R_0603_1608Metric",138.451000,-98.812837,0.000000,top
"R1029","R","R_0603_1608Metric",138.451000,-100.652531,0.000000,top
"R1030","10k","R_0603_1608Metric",138.451000,-102.492225,0.000000,top
"R1031","R","R_0603_1608Metric",138.451000,-104.331918,0.000000,top
"R1032","R","R_0603_1608Metric",138.451000,-106.171612,0.000000,top
"R1033","R","R_0603_1608Metric",138.451000,-108.011306,0.000000,top
"R1034","10k","R_0603_1608Metric",138.451000,-109.851000,0.000000,top
"R1035","10k","R_0603_1608Metric",144.851000,-109.839571,0.000000,top
"R1036","R","R_0603_1608Metric",144.851000,-107.998347,0.000000,top
"R1037","10k","R_0603_1608Metric",144.861000,-106.157122,0.000000,top
"R1038","10k","R_0603_1608Metric",144.876000,-104.315898,0.000000,top
"R1039","R","R_0603_1608Metric",144.876000,-102.474673,0.000000,top
"R1040","10k","R_0603_1608Metric",144.876000,-100.633449,0.000000,top
"R1041","R","R_0603_1608Metric",144.876000,-98.792224,0.000000,top
"R1042","R","R_0603_1608Metric",144.876000,-96.951000,0.000000,top
"R1043","2.2k","R_0402_1005Metric",108.287000,-98.491000,0.000000,top
"R1044","2.2k","R_0402_1005Metric",108.287000,-99.825000,0.000000,top
"R1046","22R","R_0402_1005Metric",110.773000,-99.201000,180.000000,top
"R1048","470R","R_0402_1005Metric",117.400000,-93.220000,-90.000000,top
"R1049","22R","R_0402_1005Metric",110.771000,-101.621000,180.000000,top
"R1051","22R","R_0402_1005Metric",110.771000,-100.571000,180.000000,top
"R1060","10k","R_0402_1005Metric",121.101000,-91.591000,90.000000,top
"R2001","22R","R_0402_1005Metric",116.011000,-67.971000,0.000000,top
"R2002","10k","R_0402_1005Metric",116.580000,-74.650000,-90.000000,top
"R3001","100k","R_0402_1005Metric",150.361000,-130.601000,180.000000,top
"R3002","11k","R_0402_1005Metric",150.361000,-131.661000,0.000000,top
"R3003","10k","R_0402_1005Metric",162.481000,-124.671000,90.000000,top
"R3004","10k","R_0402_1005Metric",166.921000,-115.191000,180.000000,top
"R3005","10k","R_0402_1005Metric",157.801000,-116.391000,-90.000000,top
"R3006","10k","R_0402_1005Metric",166.921000,-116.311000,180.000000,top
"R4003","R","R_0402_1005Metric",127.374492,-121.021000,-90.000000,top
"R4004","2.2k","R_0402_1005Metric",128.734492,-121.021000,90.000000,top
"R4005","10k","R_0402_1005Metric",114.954492,-120.760984,90.000000,top
"R4006","240R","R_0402_1005Metric",115.061000,-128.071000,90.000000,top
"R4007","240R","R_0402_1005Metric",121.491000,-114.871000,90.000000,top
"R4008","1k","R_0402_1005Metric",114.944492,-122.900984,-90.000000,top
"R5001","R","R_0402_1005Metric",148.514000,-74.486000,-90.000000,top
"R5002","R","R_0402_1005Metric",145.588000,-74.486000,-90.000000,top
"R5003","4.7k","R_0402_1005Metric",141.911000,-79.076000,0.000000,top
"R5004","1.5k","R_0402_1005Metric",127.851000,-91.626000,-90.000000,top
"R5008","22R","R_0402_1005Metric",144.186000,-79.076000,0.000000,top
"R5009","22R","R_0402_1005Metric",145.588000,-76.761000,-90.000000,top
"R5010","22R","R_0402_1005Metric",147.051000,-76.761000,-90.000000,top
"R5011","22R","R_0402_1005Metric",148.514000,-76.761000,-90.000000,top
"R5012","22R","R_0402_1005Metric",144.186000,-82.002000,0.000000,top
"R5013","22R","R_0402_1005Metric",144.186000,-80.539000,0.000000,top
"R5014","22R","R_0402_1005Metric",128.706000,-94.705000,0.000000,top
"R5015","22R","R_0402_1005Metric",128.706000,-93.301000,0.000000,top
"R5016","22R","R_0402_1005Metric",128.691000,-100.321000,0.000000,top
"R5017","22R","R_0402_1005Metric",128.706000,-98.917000,0.000000,top
"R5018","22R","R_0402_1005Metric",128.706000,-97.513000,0.000000,top
"R5019","22R","R_0402_1005Metric",128.706000,-96.109000,0.000000,top
"R5020","4.7k","R_0402_1005Metric",148.726000,-86.961000,-90.000000,top
"R5021","22R","R_0402_1005Metric",152.226000,-86.951000,90.000000,top
"R5022","4.7k","R_0402_1005Metric",151.059333,-86.951000,-90.000000,top
"R5023","2.49k","R_0402_1005Metric",153.601000,-86.941000,-90.000000,top
"R5024","4.7k","R_0402_1005Metric",149.892667,-86.951000,-90.000000,top
"R5025","510R","R_0402_1005Metric",171.911000,-94.731000,0.000000,top
"R5026","510R","R_0402_1005Metric",171.911000,-93.501000,0.000000,top
"R5032","R","R_0402_1005Metric",147.051000,-74.486000,-90.000000,top
"R5033","R","R_0402_1005Metric",141.911000,-82.002000,0.000000,top
"R5034","R","R_0402_1005Metric",141.911000,-80.539000,0.000000,top
"R6001","22R","R_0201_0603Metric",128.256000,-110.126000,0.000000,top
"R6002","10k","R_0402_1005Metric",131.421000,-101.461000,180.000000,top
"R6003","20k","R_0402_1005Metric",131.421000,-100.341000,0.000000,top
"R6004","49.9k","R_0402_1005Metric",141.451000,-113.636000,-90.000000,top
"R6005","49.9k","R_0402_1005Metric",139.251000,-113.636000,-90.000000,top
"R6006","49.9k","R_0402_1005Metric",137.051000,-113.636000,-90.000000,top
"R6007","49.9k","R_0402_1005Metric",134.851000,-113.636000,-90.000000,top
"R6008","49.9k","R_0402_1005Metric",133.751000,-113.636000,-90.000000,top
"R6009","49.9k","R_0402_1005Metric",140.351000,-113.636000,-90.000000,top
"R6010","49.9k","R_0402_1005Metric",138.151000,-113.636000,-90.000000,top
"R6011","49.9k","R_0402_1005Metric",135.951000,-113.636000,-90.000000,top
"R6014","22R","R_0402_1005Metric",111.251000,-96.651000,90.000000,top
"R6021","20k","R_0402_1005Metric",162.780000,-132.591000,0.000000,top
"R6022","10k","R_0402_1005Metric",161.190000,-133.101000,90.000000,top
"R6023","1k","R_0402_1005Metric",157.810000,-129.226000,0.000000,top
"R6024","10k","R_0402_1005Metric",132.351000,-71.580000,90.000000,top
"R6025","10k","R_0402_1005Metric",131.390000,-71.580000,90.000000,top
"R6026","10k","R_0402_1005Metric",130.440000,-71.580000,90.000000,top
"R6027","10k","R_0402_1005Metric",127.430000,-71.580000,90.000000,top
"R6028","10k","R_0402_1005Metric",125.660000,-71.580000,90.000000,top
"R6029","10k","R_0402_1005Metric",124.489000,-71.580000,90.000000,top
"R6031","10k","R_0402_1005Metric",122.701000,-80.791000,-90.000000,top
"R7001","2.2k","R_0402_1005Metric",121.771000,-139.811000,0.000000,top
"R7002","2.2k","R_0402_1005Metric",121.771000,-140.991000,0.000000,top
"R7003","2.2k","R_0402_1005Metric",121.771000,-142.171000,0.000000,top
"SW7001","SW_MEC_5E","1825910-6",151.941000,-139.626000,-90.000000,top
"SW7002","SW_MEC_5E","1825910-6",166.859402,-139.626000,-90.000000,top
"SW7003","SW_MEC_5E","1825910-6",159.461000,-139.626000,-90.000000,top
"SW7004","SW_MEC_5E","1825910-6",144.441000,-139.626000,-90.000000,top
"U1001","LMK1C1102PWR","SOP65P640X120-8N",150.086000,-95.639000,90.000000,top
"U1002","AM6231ASGGGAALW","BGA425C50P25X25_1300X1300X89",119.401000,-101.916000,90.000000,top
"U1003","SN74LVC2G241DCUR","SOP50P310X90-8N",106.141000,-137.476000,90.000000,top
"U1004","AT24C32D-STUM-T","SOT-23-5",123.882000,-90.085500,180.000000,top
"U2001","MGM240PB32VNA3","MGM240PB32VNA3",106.701000,-76.701000,90.000000,top
"U4001","K4AAG165WA-BCWE","FBGA-96_9x13mm_Layout9x16_P0.8mm",121.034492,-126.176000,180.000000,top
"U5001","HR911130A","HR911130A",171.255000,-81.966000,-90.000000,top
"U5002","RTL8211F-CG","QFN-40-1EP_5x5mm_P0.4mm_EP3.6x3.6mm",151.711000,-81.711500,180.000000,top
"U5003","TPD4E05U06DQA","USON-10_2.5x1.0mm_P0.5mm",157.741000,-80.126000,180.000000,top
"U5004","TPD4E05U06DQA","USON-10_2.5x1.0mm_P0.5mm",157.741000,-83.301000,180.000000,top
"U6001","TVS0500DRVR","WSON-6-1EP_2x2mm_P0.65mm_EP1x1.6mm",171.001000,-112.888500,90.000000,top
"U6002","SDINBDG4-16G","LFBGA-153_11.5x13mm_Layout14x14_P0.5mm",140.051000,-122.426000,0.000000,top
"U6003","TPD3S014","SOT-23-6",162.152500,-130.176000,0.000000,top
"U6004","TPS22918DBVR","SOT95P280X145-6N",128.001000,-75.450000,0.000000,top
"X1001","ECS-2520MV-250-CN-TR","ECS2520MV250CNTR",149.661000,-103.702000,90.000000,top
"X1003","32.768kHz","FC-135R 32.7680KA-A3",108.590000,-109.851000,90.000000,top
